index,designation
0,208756 (2002 PK15)
1,599786 (2010 VH190)
2,574476 (2010 RD43)
3,422848 (2002 GU143)
4,344352 (2001 WS68)
5,389544 (2010 LZ82)
6,590621 (2012 HR100)
7,470220 (2006 WD49)
8,507045 (2008 UU256)
9,558324 (2015 AL58)
10,378165 (2006 WC43)
11,500669 (2012 VU39)
12,393974 (2005 UG312)
13,510182 (2011 BB102)
14,407545 (2010 WL48)
15,538463 (2016 EN143)
16,513173 (2004 RQ110)
17,276277 (2002 SL65)
18,414522 (2009 SF54)
19,539740 (2016 UP69)
20,319734 (2006 UN118)
21,254210 (2004 RP89)
22,298557 (2003 XC2)
23,412469 (2014 HE25)
24,541786 (2011 YV30)
25,251827 (1999 TS192)
26,452418 (2002 VF24)
27,240311 (2003 GP9)
28,561119 (2015 PH314)
29,213074 (1999 TH90)
30,330742 (2008 SH65)
31,541858 (2012 BR70)
32,390563 (2001 CU40)
33,402433 (2006 AD61)
34,539135 (2016 NA68)
35,584919 (2017 ST24)
36,319741 (2006 UP135)
37,501808 (2014 WS51)
38,549234 (2011 FX16)
39,239811 (1997 MR2)
40,404662 (2014 HQ123)
41,532967 (2013 YN132)
42,512963 (2017 SQ35)
43,244856 (2003 UK169)
44,401973 (2002 TC251)
45,498740 (2008 TK160)
46,521437 (2015 NN27)
47,385828 (2006 GJ32)
48,271546 (2004 JN17)
49,593353 (2015 MK140)
50,506248 (2016 OJ2)
51,516098 (2015 TK366)
52,343011 (2009 BR90)
53,445691 (2011 UX160)
54,323703 (2005 GF140)
55,556881 (2014 SN58)
56,341292 (2007 RW298)
57,562319 (2015 XU402)
58,424920 (2008 XP21)
59,462071 (2007 EX138)
60,370034 (2000 SB3)
61,553353 (2011 KB19)
62,297658 (2001 TL259)
63,569482 (2005 TU217)
64,491265 (2011 UD299)
65,535113 (2014 WV531)
66,463629 (2013 TP36)
67,500691 (2012 VP94)
68,544091 (2014 SX57)
69,502060 (2015 AB172)
70,220800 (2004 TU222)
71,522242 (2016 AF272)
72,460068 (2014 OY233)
73,390996 (2005 ST89)
74,525530 (2005 GE162)
75,522720 (2016 LA62)
76,487835 (2015 TQ77)
77,579067 (2014 KC126)
78,551507 (2013 EO46)
79,476776 (2008 UH126)
80,365708 (2010 VU149)
81,467687 (2008 UO345)
82,484202 (2006 WL32)
83,411126 (2009 WJ191)
84,348076 (2003 WU39)
85,510080 (2010 KB60)
86,584813 (2017 RQ41)
87,233613 (2007 TT143)
88,435015 (2006 VA53)
89,293115 (2006 XJ29)
90,350194 (2011 WX117)
91,542238 (2013 AZ115)
92,400144 (2006 UE232)
93,379404 (2010 AH23)
94,284197 (2006 BW95)
95,247536 (2002 RV55)
96,283835 (2003 UT34)
97,586370 (2003 BJ99)
98,231006 (2005 EE24)
99,467582 (2007 UK74)
100,474366 (2002 RO85)
101,519833 (2013 JN67)
102,302606 (2002 QU95)
103,414926 (2011 AP45)
104,585547 (2018 VZ45)
105,426487 (2013 RA22)
106,547260 (2010 GL172)
107,424389 (2007 XS19)
108,389531 (2010 JP68)
109,514516 (2016 WW44)
110,452301 (1994 UU9)
111,586166 (2001 YO39)
112,300190 (2006 WV75)
113,399898 (2005 WA141)
114,201801 (2003 WM192)
115,374101 (2004 RO289)
116,353129 (2009 FS59)
117,214791 (2006 UZ174)
118,425091 (2009 SW37)
119,513658 (2011 SO254)
120,237326 (2009 BF161)
121,430969 (2005 WT51)
122,237567 (2001 BD4)
123,467860 (2011 AF5)
124,480737 (2016 NO8)
125,512612 (2016 TP16)
126,557766 (2014 WT218)
127,544870 (2014 WN453)
128,551564 (2013 FC3)
129,396067 (2013 CV71)
130,498229 (2007 UX21)
131,400860 (2010 NQ57)
132,581875 (2015 LO37)
133,203993 (2003 SF323)
134,365209 (2009 HC8)
135,252092 (2000 UL34)
136,460498 (2014 SK313)
137,534662 (2014 UM238)
138,242901 (2006 KC113)
139,413393 (2004 RB164)
140,376264 (2011 FD19)
141,258222 (2001 TH60)
142,204506 (2005 CR56)
143,305353 (2008 BM13)
144,541751 (2011 WR141)
145,267663 (2002 TM142)
146,509329 (2006 WP180)
147,539602 (2016 SD26)
148,533083 (2014 BM60)
149,534420 (2014 TA91)
150,495834 (2000 SN51)
151,442540 (2011 YR12)
152,300499 (2007 TU158)
153,327277 (2005 SJ247)
154,560107 (2015 FR86)
155,417838 (2007 GU56)
156,536497 (2015 DG177)
157,253045 (2002 SZ41)
158,303845 (2005 SV176)
159,433003 (2012 QE39)
160,296455 (2009 HR73)
161,539501 (2016 QL88)
162,432590 (2010 RZ104)
163,448291 (2009 BV13)
164,251036 (2006 QC139)
165,334240 (2001 TW96)
166,548884 (2010 XD10)
167,246386 (2007 UP18)
168,503073 (2015 FK237)
169,321822 (2010 RW46)
170,332413 (2007 PF43)
171,367325 (2008 AT76)
172,301069 (2008 UA163)
173,368607 (2004 RJ215)
174,381278 (2007 TJ304)
175,235642 (2004 RM91)
176,267372 (2001 XP156)
177,555797 (2014 EO23)
178,383177 (2005 WU42)
179,583103 (2016 EH119)
180,349417 (2008 AF7)
181,357463 (2004 EG69)
182,486543 (2013 HY29)
183,446847 (2001 SB333)
184,302801 (2003 AK1)
185,508239 (2015 HF33)
186,424068 (2007 DL1)
187,206977 (2004 TF103)
188,573548 (2009 HR35)
189,488955 (2005 UZ193)
190,328941 (2010 VJ46)
191,295480 (2008 QC37)
192,526615 (2006 TJ101)
193,389834 (2012 JG46)
194,286176 (2001 UD43)
195,562236 (2015 XA349)
196,567668 (2002 ED167)
197,577035 (2012 YQ12)
198,470969 (2009 RJ33)
199,247354 (2001 VG101)
200,470287 (2007 EY91)
201,384214 (2009 CJ32)
202,207407 (2006 BZ168)
203,538458 (2016 EN134)
204,373689 (2002 RN76)
205,334262 (2001 TF261)
206,543379 (2014 BR71)
207,450789 (2007 TF232)
208,202055 (2004 RS196)
209,562415 (2015 YS10)
210,556174 (2014 MD23)
211,544215 (2014 SG355)
212,509810 (2008 VD14)
213,221938 (3019 P-L)
214,225163 (2008 GH102)
215,299741 (2006 RX75)
216,570556 (2006 SE425)
217,351095 (2003 UO241)
218,499062 (2009 DK127)
219,336672 (2010 AW7)
220,250834 (2005 US140)
221,363760 (2005 CN23)
222,240207 (2002 RT226)
223,297961 (2002 GM168)
224,267998 (2004 HV42)
225,361031 (2005 WD101)
226,509559 (2008 BY53)
227,386741 (2010 AO67)
228,225981 (2002 CQ215)
229,462565 (2009 DC56)
230,244757 (2003 SJ82)
231,491038 (2011 QK14)
232,496951 (2001 YD132)
233,592786 (2015 DU49)
234,461389 (2001 RE61)
235,505423 (2013 RS36)
236,522359 (2016 CN299)
237,304996 (2007 TG254)
238,446644 (2015 MJ125)
239,223352 (2003 RS17)
240,559010 (2015 BJ348)
241,550049 (2011 YU34)
242,496507 (2014 UA118)
243,517210 (2013 YS115)
244,408111 (2013 BN77)
245,403716 (2010 VK215)
246,208584 (2002 CG95)
247,488816 (2005 LD52)
248,570287 (2006 JV84)
249,571570 (2007 TA220)
250,268010 (2004 KH4)
251,368738 (2005 UQ274)
252,440209 (2004 NV22)
253,503119 (2015 FL331)
254,326673 (2002 VB5)
255,387899 (2004 VB59)
256,216455 (2009 HG32)
257,418713 (2008 UK61)
258,442844 (2013 AP116)
259,263138 (2007 VF153)
260,338329 (2002 VT128)
261,401258 (2012 BH92)
262,574927 (2011 CD17)
263,263360 (2008 CK147)
264,517237 (2014 CS24)
265,279639 (2011 EW72)
266,554146 (2012 PC43)
267,432755 (2011 EM69)
268,406632 (2008 CV180)
269,597685 (2007 TS255)
270,549278 (2011 FN100)
271,436313 (2010 FQ14)
272,495998 (2007 VU113)
273,506316 (2017 OS3)
274,450229 (2002 TX367)
275,329070 (2011 BD8)
276,311782 (2006 UT52)
277,525775 (2005 SD141)
278,573294 (2009 BP152)
279,400836 (2010 LB38)
280,509429 (2007 EE99)
281,574340 (2010 JT76)
282,388119 (2005 UK443)
283,367813 (2011 AE53)
284,281035 (2006 HM21)
285,317212 (2002 CW46)
286,471527 (2012 HS4)
287,487586 (2015 FT333)
288,488434 (2016 XE22)
289,478228 (2011 UH327)
290,453531 (2009 WG13)
291,367825 (2011 BC15)
292,317234 (2002 CD189)
293,574028 (2009 XD28)
294,564203 (2016 GA15)
295,554307 (2012 TS50)
296,533656 (2014 KU109)
297,261870 (2006 FJ49)
298,574600 (2010 SW45)
299,311439 (2005 UA229)
300,261246 (2005 UA60)
301,312570 (2009 HT38)
302,383760 (2007 VT221)
303,551089 (2012 VP96)
304,469983 (2006 HR40)
305,444827 (2007 UM138)
306,291336 (2006 BE215)
307,552024 (2013 RZ89)
308,281720 (2008 WJ117)
309,226644 (2004 FO69)
310,271058 (2003 GC36)
311,585989 (2000 JP67)
312,477894 (2011 KW3)
313,292793 (2006 UC226)
314,276045 (2002 BS22)
315,400517 (2008 SP119)
316,209502 (2004 KT15)
317,227090 (2005 MU17)
318,594159 (2016 JC11)
319,268003 (2004 JQ23)
320,594546 (2017 FZ82)
321,262443 (2006 UM95)
322,579620 (2014 UJ194)
323,378819 (2008 SE259)
324,317113 (2001 TQ222)
325,356641 (2011 UE45)
326,283614 (2002 CQ50)
327,305538 (2008 GR82)
328,448696 (2010 XK23)
329,240316 (2003 HV14)
330,566138 (2017 OC89)
331,542324 (2013 CC14)
332,562712 (2016 AT181)
333,469338 (2000 SF137)
334,438847 (2009 CR31)
335,317070 (2001 SM206)
336,349388 (2007 WC62)
337,574101 (2010 BJ144)
338,413835 (2006 SC26)
339,266452 (2007 JT26)
340,304721 (2006 XZ18)
341,425995 (2011 HX97)
342,457615 (2009 BD85)
343,270582 (2002 JY144)
344,463801 (2014 SM326)
345,485033 (2009 WU218)
346,506986 (2008 SE205)
347,395879 (2013 AR32)
348,453577 (2010 GU65)
349,573018 (2008 VC84)
350,207135 (2005 BX7)
351,572464 (2008 JS52)
352,208274 (2000 YR56)
353,466406 (2013 SQ72)
354,299844 (2006 SW220)
355,510579 (2012 RF40)
356,582761 (2016 AP256)
357,563517 (2016 CQ288)
358,367311 (2007 YY19)
359,565245 (2017 CR33)
360,304710 (2006 WE199)
361,497980 (2007 CM45)
362,565716 (2017 FL83)
363,500747 (2013 AU47)
364,210564 (1999 TR195)
365,477733 (2010 TU69)
366,261225 (2005 UU27)
367,509491 (2007 TR333)
368,332550 (2008 QJ41)
369,300778 (2007 VT279)
370,399230 (2014 GV47)
371,453750 (2011 CZ52)
372,225951 (2002 CF5)
373,533761 (2014 OV97)
374,289773 (2005 JY92)
375,224350 (2005 UA107)
376,402446 (2006 BN52)
377,409790 (2006 FR53)
378,568652 (2004 PL116)
379,515285 (2012 TL223)
380,286993 (2002 QK54)
381,490570 (2009 WD59)
382,376746 (1999 TS270)
383,500080 (2011 WV134)
384,410347 (2007 UA120)
385,583437 (2016 GO231)
386,403126 (2008 DO76)
387,562450 (2015 YV24)
388,436427 (2011 BE17)
389,391058 (2005 UJ36)
390,597592 (2007 RU219)
391,514824 (2007 VD338)
392,231757 (1999 TJ319)
393,238193 (2003 SB321)
394,374757 (2006 SS241)
395,379307 (2009 VB88)
396,511764 (2015 DB210)
397,557388 (2014 UL149)
398,313891 (2004 HW70)
399,519545 (2012 PG45)
400,211754 (2004 AR16)
401,515896 (2015 PG48)
402,256660 (2007 XX21)
403,346475 (2008 TM182)
404,354323 (2002 VC147)
405,473632 (2015 XN309)
406,250453 (2003 YM160)
407,235878 (2005 BR29)
408,297861 (2002 CP58)
409,208573 (2002 CT31)
410,247381 (2001 XZ260)
411,329696 (2003 UY244)
412,364934 (2008 FX74)
413,495205 (2013 CU80)
414,278932 (2008 UE13)
415,401922 (2001 XJ45)
416,561681 (2015 UE18)
417,288968 (2004 TV29)
418,466056 (2011 SL57)
419,260070 (2004 HJ56)
420,396201 (2013 QT18)
421,507313 (2011 QW28)
422,588429 (2008 CX48)
423,559260 (2015 BE591)
424,345778 (2007 EZ156)
425,381640 (2008 YK104)
426,396052 (2013 CY41)
427,448534 (2010 PP33)
428,582565 (2015 XL144)
429,489847 (2008 FL48)
430,520719 (2014 QD469)
431,464914 (2005 TS83)
432,312041 (2007 RB209)
433,245833 (2006 KA3)
434,226539 (2003 UW216)
435,596469 (2005 UH435)
436,284761 (2008 WK21)
437,287386 (2002 VK35)
438,567388 (2001 KE87)
439,561912 (2015 VQ160)
440,518817 (2010 CB93)
441,201932 (2004 DW28)
442,432678 (2011 BC14)
443,321637 (2009 WP227)
444,352858 (2008 WV84)
445,546213 (2010 TD207)
446,475212 (2005 VA37)
447,361718 (2007 VA324)
448,383007 (2005 LT38)
449,456386 (2006 UF93)
450,275892 (2001 TE53)
451,466425 (2013 TK30)
452,383645 (2007 RA298)
453,318991 (2005 UT389)
454,583480 (2016 GD262)
455,348954 (2006 TE125)
456,297107 (2010 OY94)
457,352847 (2008 WB22)
458,525586 (2005 JS143)
459,544923 (2014 WO493)
460,591554 (2013 WM114)
461,320655 (2008 CM145)
462,472996 (2015 HH24)
463,571158 (2007 DO116)
464,306828 (2001 RV31)
465,353683 (2011 UH295)
466,544277 (2014 UD7)
467,480592 (2015 MJ85)
468,386400 (2008 UC184)
469,244377 (2002 PM7)
470,548282 (2010 FE29)
471,574543 (2010 RE170)
472,522445 (2016 CN319)
473,268390 (2005 UN129)
474,404695 (2014 HP186)
475,294858 (2008 CO193)
476,520935 (2014 XZ42)
477,271332 (2003 WS46)
478,273912 (2007 HS65)
479,576305 (2012 LJ26)
480,226338 (2003 FQ71)
481,418817 (2008 VE56)
482,521851 (2015 TL373)
483,449919 (2015 NR24)
484,231705 (1998 SX118)
485,408170 (2013 CP181)
486,316190 (2010 KE129)
487,206160 (2002 TB187)
488,507712 (2013 TX140)
489,540783 (2017 XA5)
490,393052 (2013 AD48)
491,360006 (2012 XH151)
492,394378 (2007 DG110)
493,318774 (2005 SW87)
494,376715 (1996 RC19)
495,443028 (2013 EM25)
496,364124 (2006 BY78)
497,565541 (2017 ER5)
498,200819 (2001 XF189)
499,256174 (2006 VS67)
500,513905 (2013 YE30)
501,388340 (2006 TP50)
502,270869 (2002 TE99)
503,261961 (2006 PS19)
504,589105 (2009 DL149)
505,345486 (2006 HN101)
506,298598 (2003 YP123)
507,495211 (2013 CP180)
508,475050 (2005 UR96)
509,290483 (2005 TR194)
510,568505 (2004 EL117)
511,233165 (2005 UN477)
512,312592 (2009 JA16)
513,467393 (2005 CA41)
514,438987 (2010 RC65)
515,446651 (2015 NM4)
516,227811 (2007 BW43)
517,207159 (2005 CT36)
518,592145 (2014 OF387)
519,305439 (2008 CH186)
520,387134 (2012 TE195)
521,463692 (2014 OQ296)
522,298578 (2003 YC20)
523,361219 (2006 SW70)
524,282989 (2007 TP184)
525,220571 (2004 HE53)
526,538075 (2016 AY273)
527,493271 (2014 UT136)
528,254481 (2005 EK13)
529,406381 (2007 RK319)
530,564302 (2016 GY81)
531,447996 (2008 CO199)
532,202795 (2008 QD17)
533,263760 (2008 KF9)
534,582580 (2015 XB215)
535,288147 (2003 WR108)
536,319727 (2006 UG93)
537,517943 (2015 TT295)
538,372018 (2008 LU17)
539,505675 (2014 UD163)
540,302884 (2003 MH)
541,207263 (2005 EO260)
542,552556 (2010 EK66)
543,439020 (2011 DG32)
544,322375 (2011 LQ22)
545,468658 (2008 VD35)
546,419587 (2010 RK98)
547,287381 (2002 VG16)
548,295799 (2008 UY279)
549,350407 (2012 VO36)
550,454916 (2015 TN136)
551,489047 (2005 YJ64)
552,289111 (2004 TC337)
553,575761 (2011 UV454)
554,259666 (2003 WU143)
555,517324 (2014 JK17)
556,398733 (2012 XT138)
557,514857 (2008 FH56)
558,562539 (2016 AE56)
559,484142 (2006 TH23)
560,492575 (2014 OC180)
561,465912 (2010 VT118)
562,328993 (2010 WY71)
563,468792 (2012 FG12)
564,407922 (2012 CP18)
565,493190 (2014 UQ19)
566,221038 (2005 QZ67)
567,340522 (2006 JO33)
568,223289 (2003 HH46)
569,449273 (2013 EA33)
570,580888 (2015 DH250)
571,541217 (2011 BG168)
572,495754 (2016 GZ34)
573,527286 (2007 TY357)
574,322672 (1999 TE221)
575,253194 (2002 XP51)
576,512353 (2016 NC20)
577,517704 (2015 FM403)
578,223543 (2004 EV42)
579,251937 (1999 WN8)
580,392864 (2012 UX86)
581,481055 (2005 JP102)
582,585062 (2017 SU115)
583,215411 (2002 GB23)
584,468731 (2010 NA67)
585,264767 (2002 FY13)
586,511595 (2015 AX158)
587,436000 (2009 FE46)
588,479184 (2013 CC59)
589,582965 (2016 CB289)
590,395935 (2013 AC107)
591,297829 (2002 AW167)
592,248824 (2006 SA281)
593,423614 (2005 WG94)
594,292219 (2006 SE49)
595,216278 (2006 WS191)
596,550365 (2012 FM17)
597,293713 (2007 QH14)
598,364053 (2005 WO145)
599,329002 (2010 XN43)
600,450700 (2006 WY141)
601,212411 (2006 KO42)
602,561337 (2015 SM20)
603,380653 (2005 AR38)
604,324700 (2007 EN92)
605,473312 (2015 RH104)
606,215793 (2004 MD7)
607,404201 (2013 CV136)
608,380123 (1996 RL7)
609,523085 (2016 QQ94)
610,409580 (2005 UC216)
611,240121 (2002 ED154)
612,236369 (2006 BT267)
613,476887 (2008 VV71)
614,416375 (2003 TS26)
615,350620 (2001 SS207)
616,389036 (2008 UH355)
617,260412 (2004 XS27)
618,221867 (2008 GR90)
619,433207 (2012 UJ91)
620,548206 (2010 ER81)
621,529259 (2009 UG12)
622,231044 (2005 GG2)
623,540040 (2017 MC10)
624,589545 (2010 DG4)
625,249076 (2007 UE115)
626,322330 (2011 HV8)
627,468918 (2014 VK21)
628,477944 (2011 QQ94)
629,510616 (2012 TO105)
630,568351 (2003 UG424)
631,459373 (2012 JE35)
632,587862 (2006 WX222)
633,466169 (2012 JJ24)
634,516744 (2009 RM13)
635,322064 (2010 VD91)
636,336636 (2009 WE29)
637,531299 (2012 PM21)
638,240226 (2002 TO66)
639,595195 (2001 YB30)
640,467599 (2007 VD251)
641,208209 (2000 SQ60)
642,496129 (2010 MZ99)
643,412652 (2014 OH191)
644,430286 (2013 WX64)
645,226540 (2003 UK218)
646,266318 (2007 CS56)
647,308910 (2006 SN264)
648,301177 (2008 YZ104)
649,451567 (2011 YR68)
650,555505 (2013 YL100)
651,324339 (2006 PO16)
652,368128 (2013 JF18)
653,308285 (2005 JW13)
654,309420 (2007 TD366)
655,323599 (2004 TD302)
656,282102 (2000 SL286)
657,293467 (2007 ED211)
658,460116 (2014 PY28)
659,454218 (2013 HB124)
660,551022 (2012 UW191)
661,318087 (2004 GW48)
662,480929 (2003 BM24)
663,297951 (2002 GV36)
664,332548 (2008 QP24)
665,512202 (2015 TW42)
666,569156 (2005 NV43)
667,573062 (2008 WP58)
668,219839 (2002 CX120)
669,241371 (2008 QK5)
670,595092 (2001 FS248)
671,379638 (2011 DG31)
672,417781 (2007 EA33)
673,209833 (2005 GS151)
674,527435 (2007 UB108)
675,545725 (2011 SZ275)
676,212566 (2006 ST84)
677,495444 (2014 SU330)
678,317415 (2002 PV194)
679,294697 (2008 BT1)
680,394802 (2008 RE50)
681,421425 (2013 WP108)
682,244100 (2001 UW146)
683,328904 (2010 TR40)
684,378858 (2008 TT74)
685,359329 (2009 MD7)
686,468260 (2015 BF383)
687,427583 (2003 QK103)
688,311261 (2005 EA95)
689,494364 (2016 UD12)
690,283700 (2002 RG239)
691,401354 (2013 BR4)
692,378147 (2006 VW90)
693,536084 (2015 BL540)
694,450910 (2008 CB176)
695,532801 (2013 WE103)
696,577460 (2013 ER87)
697,499737 (2011 BN46)
698,506344 (2017 OV48)
699,261768 (2006 BZ67)
700,227393 (2005 UL345)
701,503699 (2016 JU10)
702,214746 (2006 TY56)
703,529057 (2009 PK13)
704,446338 (2014 GQ33)
705,451772 (2013 GP24)
706,573935 (2009 WS120)
707,248060 (2004 LE31)
708,250994 (2006 MR5)
709,492391 (2014 JM7)
710,309365 (2007 TO97)
711,372991 (2011 CN75)
712,414620 (2009 VU3)
713,372889 (2011 AC9)
714,524641 (2003 SP181)
715,465040 (2006 QN62)
716,322485 (2011 UX251)
717,589023 (2009 BX111)
718,397966 (2008 YT142)
719,397994 (2009 BO133)
720,279003 (2008 UD256)
721,246228 (2007 RK232)
722,436589 (2011 JA21)
723,303201 (2004 GV50)
724,548168 (2010 DU45)
725,556009 (2014 HR224)
726,406286 (2007 EM191)
727,560624 (2015 HC71)
728,469439 (2002 GO74)
729,230468 (2002 RX173)
730,577617 (2013 HF101)
731,230030 (2000 OO55)
732,344051 (4074 T-2)
733,211815 (2004 DC72)
734,385010 (2012 TJ239)
735,212368 (2006 GK37)
736,547173 (2010 EP68)
737,462399 (2008 SW245)
738,219656 (2001 UU217)
739,499031 (2009 DR42)
740,482857 (2014 DW72)
741,252148 (2001 BQ1)
742,388220 (2006 HX92)
743,458914 (2011 UY251)
744,567109 (2019 UV18)
745,397008 (2005 TB12)
746,304984 (2007 TZ216)
747,491839 (2013 AB46)
748,431964 (2008 UM116)
749,288237 (2003 YN82)
750,410967 (2009 TX7)
751,229430 (2005 TP99)
752,200627 (2001 SA121)
753,347872 (2002 RZ270)
754,444750 (2007 QL15)
755,524847 (2004 BB100)
756,452457 (2003 SD432)
757,464977 (2005 YQ195)
758,394999 (2009 BJ85)
759,219325 (2000 HR8)
760,282615 (2005 JH44)
761,263225 (2008 AX51)
762,351986 (2006 UV134)
763,371728 (2007 EB105)
764,557999 (2014 WT460)
765,366915 (2005 UZ184)
766,250378 (2003 UF41)
767,341752 (2007 VZ294)
768,336120 (2008 NY4)
769,573275 (2009 BR80)
770,488543 (2001 SN349)
771,300559 (2007 TT302)
772,528078 (2008 FO117)
773,323911 (2005 TH75)
774,310159 (2011 QO64)
775,234968 (2002 XR65)
776,564534 (2016 GU250)
777,241358 (2007 WO60)
778,488552 (2001 TW237)
779,392144 (2009 HN32)
780,280773 (2005 SF50)
781,216586 (2002 KU4)
782,535540 (2015 BN34)
783,481179 (2005 UD277)
784,214322 (2005 JM55)
785,598909 (2009 HF61)
786,214253 (2005 EO306)
787,213091 (1999 TH297)
788,233677 (2008 RJ70)
789,429878 (2012 SO51)
790,289338 (2005 AC82)
791,523154 (2016 TT47)
792,477169 (2009 EF29)
793,268899 (2007 BY49)
794,332891 (2011 AU77)
795,530618 (2011 SS91)
796,549261 (2011 FM65)
797,531950 (2013 CN104)
798,259469 (2003 SQ145)
799,236480 (2006 FC33)
800,232734 (2004 EQ73)
801,223390 (2003 SA91)
802,268527 (2005 YU249)
803,556501 (2014 QY18)
804,267954 (2004 EO105)
805,398655 (2012 TT294)
806,234570 (2001 XZ105)
807,233417 (2006 GE50)
808,545478 (2011 LS18)
809,222408 (2001 FA103)
810,460372 (2014 SB21)
811,318775 (2005 SF90)
812,529002 (2009 HQ110)
813,580316 (2015 BW259)
814,373840 (2003 EA26)
815,271010 (2002 YE6)
816,251851 (1999 TG333)
817,347789 (2002 EW149)
818,322151 (2010 WX36)
819,574733 (2010 VW96)
820,341618 (2007 UQ132)
821,318439 (2005 CL44)
822,342717 (2008 WB15)
823,377044 (2002 TH44)
824,448323 (2009 DK58)
825,488898 (2005 TS62)
826,428837 (2008 TC186)
827,245771 (2006 FO38)
828,315421 (2007 VY247)
829,396563 (1999 UV34)
830,408416 (2013 GP134)
831,550610 (2012 QF63)
832,455645 (2004 XV146)
833,372966 (2011 BK119)
834,277197 (2005 QZ49)
835,241222 (2007 TL93)
836,402390 (2005 YZ78)
837,242410 (2004 GB12)
838,562861 (2016 AK251)
839,334629 (2002 VU78)
840,235115 (2003 PW4)
841,275956 (2001 VM93)
842,212208 (2005 GN158)
843,579551 (2014 TG79)
844,302084 (2000 YT)
845,299694 (2006 QU120)
846,408413 (2013 GT127)
847,539733 (2016 UC60)
848,521526 (2015 OZ98)
849,500166 (2012 FS12)
850,327291 (2005 TV101)
851,311723 (2006 SB374)
852,594602 (2017 PN20)
853,329414 (2002 KH16)
854,520586 (2014 OO36)
855,341804 (2007 XC35)
856,538804 (2016 GJ124)
857,532862 (2013 XX27)
858,282660 (2005 UR353)
859,317492 (2002 SL17)
860,381823 (2009 VZ80)
861,509510 (2007 VP122)
862,346724 (2009 AT18)
863,485327 (2011 BZ75)
864,492682 (2014 PB42)
865,452980 (2007 EM175)
866,411183 (2010 GD144)
867,232963 (2005 EV48)
868,473852 (2016 ET130)
869,425251 (2009 WK62)
870,539953 (2017 HM12)
871,419686 (2010 UY11)
872,248422 (2005 SL217)
873,450275 (2004 BR137)
874,544850 (2014 WO439)
875,404606 (2014 DE120)
876,491132 (2011 SX135)
877,362842 (2012 BV20)
878,519611 (2012 UF103)
879,256284 (2006 WJ115)
880,511341 (2014 ED25)
881,264682 (2001 YL119)
882,277459 (2005 UU524)
883,400278 (2007 RE301)
884,543317 (2013 YK25)
885,396916 (2005 ES64)
886,483599 (2004 PT106)
887,399287 (2014 HY131)
888,327097 (2004 XJ96)
889,589616 (2010 GZ198)
890,210778 (2001 BJ37)
891,486324 (2013 CN127)
892,563160 (2016 CA19)
893,367879 (2011 FO157)
894,566786 (2018 VG16)
895,293348 (2007 DW105)
896,404336 (2013 FW20)
897,482886 (2014 FL16)
898,223880 (2004 UK8)
899,464223 (2015 BB242)
900,570979 (2006 YG9)
901,532400 (2013 RU101)
902,421586 (2014 OG198)
903,481841 (2008 WS48)
904,559443 (2015 DU14)
905,473274 (2015 MW92)
906,485979 (2012 JZ26)
907,321031 (2008 OC23)
908,560528 (2015 GO39)
909,449434 (2013 HX109)
910,525160 (2004 TV192)
911,257236 (2009 DF125)
912,232813 (2004 RP305)
913,553835 (2011 YU69)
914,292162 (2006 SO)
915,350272 (2012 TP215)
916,560439 (2015 FJ373)
917,335581 (2006 DM23)
918,481440 (2006 VX72)
919,365419 (2010 GW90)
920,261256 (2005 UF86)
921,368012 (2012 FS63)
922,355796 (2008 SM125)
923,254046 (2004 GF29)
924,315285 (2007 TG125)
925,487977 (2015 TE308)
926,353455 (2011 RE10)
927,547037 (2010 CN100)
928,521692 (2015 RY262)
929,348929 (2006 TS42)
930,265884 (2006 AM23)
931,448679 (2010 VU219)
932,357595 (2004 XO43)
933,598085 (2008 EV79)
934,343804 (2011 GA78)
935,537272 (2015 JN12)
936,391854 (2008 SU299)
937,459167 (2012 DA22)
938,231721 (1999 CW78)
939,518220 (2016 RP38)
940,253140 (2002 VL60)
941,463196 (2012 BB152)
942,393577 (2003 RR19)
943,495393 (2014 QB255)
944,268167 (2004 VB55)
945,406740 (2008 HY4)
946,466275 (2013 OF7)
947,315045 (2007 CX48)
948,426357 (2013 NW3)
949,574622 (2010 TR32)
950,565917 (2017 HD25)
951,427152 (2014 UN175)
952,281971 (2011 GC70)
953,434098 (2002 GC71)
954,228065 (2008 LF11)
955,312094 (2007 TG110)
956,579207 (2014 OF236)
957,220617 (2004 PT67)
958,576300 (2012 LT14)
959,287308 (2002 TA233)
960,593879 (2016 BC59)
961,252643 (2001 XF250)
962,549158 (2011 DR37)
963,559148 (2015 BY487)
964,599478 (2010 GM110)
965,439628 (2014 FO28)
966,379577 (2011 BV50)
967,383080 (2005 ST65)
968,327422 (2005 WU15)
969,502357 (2015 BT215)
970,473376 (2015 UP49)
971,434528 (2005 SK246)
972,286224 (2001 UV131)
973,548221 (2010 EN95)
974,503636 (2016 GX170)
975,441460 (2008 PN14)
976,399218 (2014 GF41)
977,266440 (2007 HK36)
978,346787 (2009 BV141)
979,363682 (2004 TA113)
980,389011 (2008 UZ187)
981,251613 (2009 HH105)
982,209530 (2004 TA112)
983,310207 (2011 SW164)
984,577334 (2013 CV145)
985,516642 (2008 GX127)
986,503275 (2015 RS5)
987,599876 (2011 AS5)
988,547330 (2010 KY157)
989,387927 (2005 CU2)
990,574948 (2011 CU127)
991,251403 (2007 YA24)
992,523514 (2017 OW9)
993,208672 (2002 GW65)
994,532473 (2013 SF78)
995,407019 (2009 SH27)
996,517232 (2014 BG66)
997,348691 (2006 BF108)
998,468130 (2014 UF85)
999,471188 (2010 NT13)
1000,568671 (2004 QX30)
1001,388415 (2006 WJ175)
1002,357250 (2002 PN122)
1003,591353 (2013 JD52)
1004,409587 (2005 UJ251)
1005,235471 (2004 BZ15)
1006,592635 (2015 BF263)
1007,529625 (2010 GT100)
1008,429270 (2010 CZ50)
1009,289725 (2005 JR17)
1010,208309 (2001 HO6)
1011,423135 (2004 CX63)
1012,447656 (2006 WZ8)
1013,437195 (2012 WV)
1014,384359 (2009 UM74)
1015,360157 (2013 CO66)
1016,274617 (2008 TN62)
1017,287515 (2003 BM75)
1018,479773 (2014 EK31)
1019,402707 (2006 VG121)
1020,329030 (2011 AO25)
1021,576195 (2012 HC59)
1022,484786 (2009 CC20)
1023,596921 (2006 JJ84)
1024,208963 (2002 XX56)
1025,545370 (2011 GL81)
1026,482368 (2011 YB17)
1027,352734 (2008 SG301)
1028,570298 (2006 KD23)
1029,544449 (2014 UF239)
1030,390403 (2013 YU10)
1031,591321 (2013 HT33)
1032,559572 (2015 DN97)
1033,224938 (2007 DX69)
1034,556310 (2014 OT100)
1035,238857 (2005 WN87)
1036,559410 (2015 CL69)
1037,533732 (2014 NH69)
1038,345597 (2006 SK99)
1039,227624 (2006 BX59)
1040,530837 (2011 UN406)
1041,412825 (2014 PK41)
1042,591748 (2014 DQ153)
1043,224065 (2005 NK22)
1044,331259 (2011 CB40)
1045,217948 (2001 TT231)
1046,237615 (2001 QH280)
1047,482170 (2010 TH172)
1048,460226 (2014 QK218)
1049,506969 (2008 RC130)
1050,552564 (2010 EF93)
1051,269731 (1998 SG63)
1052,253997 (2004 EV78)
1053,561665 (2015 TO422)
1054,235844 (2004 YH36)
1055,324741 (2007 ET210)
1056,215203 (2000 SO191)
1057,505976 (2015 FG335)
1058,394435 (2007 PD4)
1059,376449 (2012 HH57)
1060,390637 (2002 JO108)
1061,413489 (2005 NO40)
1062,261222 (2005 UF26)
1063,204184 (2004 BG54)
1064,283453 (2001 FV104)
1065,264705 (2002 AK135)
1066,242093 (2002 TP356)
1067,516466 (2005 NV81)
1068,324792 (2007 HV12)
1069,352381 (2007 VF304)
1070,363059 (1999 VS183)
1071,518728 (2009 FL70)
1072,360023 (2013 AQ20)
1073,534133 (2014 QS495)
1074,373052 (2011 EG81)
1075,342515 (2008 UL198)
1076,541662 (2011 UE276)
1077,505918 (2015 EK38)
1078,559791 (2015 DA217)
1079,407851 (2012 BW54)
1080,277515 (2005 WB189)
1081,454297 (2014 JJ28)
1082,532171 (2013 NB32)
1083,408095 (2012 JV51)
1084,512100 (2015 OS29)
1085,568962 (2005 BZ50)
1086,409661 (2005 YK125)
1087,324146 (2005 YP125)
1088,365538 (2010 SH10)
1089,322276 (2011 ED74)
1090,293829 (2007 RC204)
1091,438737 (2008 TD78)
1092,487078 (2014 OD106)
1093,469691 (2005 AO44)
1094,293954 (2007 TG32)
1095,473889 (2016 EQ144)
1096,530433 (2011 GM90)
1097,395458 (2011 SA274)
1098,239765 (2010 CO34)
1099,405742 (2005 YD58)
1100,348298 (2004 XR191)
1101,329137 (2011 DU14)
1102,289099 (2004 TS301)
1103,374609 (2006 DH150)
1104,478988 (2012 XM121)
1105,203932 (2003 QD21)
1106,234630 (2002 CD1)
1107,204306 (2004 PE98)
1108,468377 (2016 FV54)
1109,507662 (2013 RZ12)
1110,468677 (2009 FT49)
1111,202278 (2005 BT22)
1112,239473 (2007 UT14)
1113,256355 (2006 XW55)
1114,283183 (2009 UG106)
1115,393725 (2004 XC26)
1116,429116 (2009 SZ224)
1117,221425 (2005 YA196)
1118,263326 (2008 CT51)
1119,332811 (2009 WR171)
1120,205880 (2002 EU142)
1121,255006 (2005 TV21)
1122,370222 (2002 NH67)
1123,250628 (2005 GX157)
1124,595236 (2002 CZ323)
1125,247801 (2003 SF74)
1126,242955 (2006 SX14)
1127,229108 (2004 RA51)
1128,554318 (2012 TC72)
1129,448868 (2011 UZ179)
1130,200098 (1995 BB5)
1131,497479 (2005 YM251)
1132,577330 (2013 CK140)
1133,459116 (2012 BJ127)
1134,595345 (2002 NH69)
1135,502627 (2015 CU29)
1136,532970 (2013 YR136)
1137,382294 (2012 UN160)
1138,588652 (2008 QS)
1139,434005 (2000 TD33)
1140,555993 (2014 HA173)
1141,276219 (2002 QL117)
1142,342627 (2008 UR343)
1143,489116 (2006 BA281)
1144,415929 (2001 VV48)
1145,538026 (2016 AH243)
1146,214202 (2005 EU50)
1147,316074 (2009 HX106)
1148,273438 (2006 WQ153)
1149,479043 (2013 AR39)
1150,570993 (2006 YT40)
1151,344851 (2004 GK50)
1152,498244 (2007 UH84)
1153,346685 (2008 YF82)
1154,525612 (2005 LD27)
1155,261390 (2005 UR403)
1156,211187 (2002 JG149)
1157,511432 (2014 HL201)
1158,391607 (2007 UP126)
1159,257133 (2008 GL130)
1160,251146 (2006 TO49)
1161,233865 (2008 VL70)
1162,229249 (2004 XE157)
1163,413114 (2001 VF123)
1164,465223 (2007 RF129)
1165,286568 (2002 CP205)
1166,238191 (2003 SM294)
1167,430772 (2004 RE299)
1168,252082 (2000 SH370)
1169,591074 (2013 CU46)
1170,419122 (2009 SH213)
1171,441515 (2008 SJ152)
1172,373710 (2002 RC256)
1173,216432 (2009 CT37)
1174,260454 (2005 AL29)
1175,439400 (2013 BZ29)
1176,406872 (2009 BL173)
1177,445183 (2009 BY141)
1178,521833 (2015 TU369)
1179,328345 (2008 KW12)
1180,281676 (2008 VR76)
1181,515489 (2014 DB8)
1182,463132 (2011 WS44)
1183,419982 (2011 CZ16)
1184,377321 (2004 JN28)
1185,501608 (2014 QU390)
1186,417606 (2006 VE148)
1187,571933 (2007 YH91)
1188,333762 (2011 CM31)
1189,495114 (2011 UY248)
1190,216950 (1999 VF46)
1191,557058 (2014 SX320)
1192,543557 (2014 NG8)
1193,515198 (2011 UT355)
1194,362825 (2012 AQ1)
1195,276894 (2004 RR345)
1196,517294 (2014 HA14)
1197,426932 (2013 XL11)
1198,312936 (1979 MT3)
1199,580967 (2015 EN54)
1200,501688 (2014 TB65)
1201,274164 (2008 FX126)
1202,298926 (2004 TH151)
1203,447592 (2006 UC51)
1204,488718 (2004 FZ147)
1205,338740 (2003 UZ148)
1206,438477 (2007 ED128)
1207,308036 (2004 SZ32)
1208,473353 (2015 TQ233)
1209,201025 (2002 CB282)
1210,559104 (2015 BM446)
